<annotation>
	<folder>Images</folder>
	<filename>1637805029.8530278.jpg</filename>
	<path>D:\项目\LJCV\LJ_CV\Demo_data\Images\1637805029.8530278.jpg</path>
	<source>
		<database>Unknown</database>
	</source>
	<size>
		<width>1365</width>
		<height>980</height>
		<depth>3</depth>
	</size>
	<segmented>0</segmented>
	<object>
		<name>Yellow</name>
		<pose>Unspecified</pose>
		<truncated>0</truncated>
		<difficult>0</difficult>
		<bndbox>
			<xmin>199</xmin>
			<ymin>160</ymin>
			<xmax>415</xmax>
			<ymax>383</ymax>
		</bndbox>
	</object>
</annotation>
