<annotation>
	<folder>Images</folder>
	<filename>1637805180.138479.jpg</filename>
	<path>D:\项目\LJCV\LJ_CV\Demo_data\Images\1637805180.138479.jpg</path>
	<source>
		<database>Unknown</database>
	</source>
	<size>
		<width>1365</width>
		<height>980</height>
		<depth>3</depth>
	</size>
	<segmented>0</segmented>
	<object>
		<name>Blue</name>
		<pose>Unspecified</pose>
		<truncated>0</truncated>
		<difficult>0</difficult>
		<bndbox>
			<xmin>346</xmin>
			<ymin>304</ymin>
			<xmax>511</xmax>
			<ymax>509</ymax>
		</bndbox>
	</object>
</annotation>
