<annotation>
	<folder>Images</folder>
	<filename>1637805287.595922.jpg</filename>
	<path>D:\项目\LJCV\LJ_CV\Demo_data\Images\1637805287.595922.jpg</path>
	<source>
		<database>Unknown</database>
	</source>
	<size>
		<width>1365</width>
		<height>980</height>
		<depth>3</depth>
	</size>
	<segmented>0</segmented>
	<object>
		<name>Yellow</name>
		<pose>Unspecified</pose>
		<truncated>0</truncated>
		<difficult>0</difficult>
		<bndbox>
			<xmin>523</xmin>
			<ymin>527</ymin>
			<xmax>659</xmax>
			<ymax>739</ymax>
		</bndbox>
	</object>
	<object>
		<name>Blue</name>
		<pose>Unspecified</pose>
		<truncated>0</truncated>
		<difficult>0</difficult>
		<bndbox>
			<xmin>458</xmin>
			<ymin>547</ymin>
			<xmax>535</xmax>
			<ymax>640</ymax>
		</bndbox>
	</object>
</annotation>
