<annotation>
	<folder>Images</folder>
	<filename>1637805291.9240487.jpg</filename>
	<path>D:\项目\LJCV\LJ_CV\Demo_data\Images\1637805291.9240487.jpg</path>
	<source>
		<database>Unknown</database>
	</source>
	<size>
		<width>1365</width>
		<height>980</height>
		<depth>3</depth>
	</size>
	<segmented>0</segmented>
	<object>
		<name>Yellow</name>
		<pose>Unspecified</pose>
		<truncated>0</truncated>
		<difficult>0</difficult>
		<bndbox>
			<xmin>523</xmin>
			<ymin>529</ymin>
			<xmax>660</xmax>
			<ymax>748</ymax>
		</bndbox>
	</object>
	<object>
		<name>Blue</name>
		<pose>Unspecified</pose>
		<truncated>0</truncated>
		<difficult>0</difficult>
		<bndbox>
			<xmin>323</xmin>
			<ymin>347</ymin>
			<xmax>427</xmax>
			<ymax>443</ymax>
		</bndbox>
	</object>
</annotation>
