<annotation>
	<folder>Images</folder>
	<filename>1637805300.550373.jpg</filename>
	<path>D:\项目\LJCV\LJ_CV\Demo_data\Images\1637805300.550373.jpg</path>
	<source>
		<database>Unknown</database>
	</source>
	<size>
		<width>1365</width>
		<height>980</height>
		<depth>3</depth>
	</size>
	<segmented>0</segmented>
	<object>
		<name>Yellow</name>
		<pose>Unspecified</pose>
		<truncated>0</truncated>
		<difficult>0</difficult>
		<bndbox>
			<xmin>453</xmin>
			<ymin>389</ymin>
			<xmax>587</xmax>
			<ymax>563</ymax>
		</bndbox>
	</object>
	<object>
		<name>Blue</name>
		<pose>Unspecified</pose>
		<truncated>0</truncated>
		<difficult>0</difficult>
		<bndbox>
			<xmin>225</xmin>
			<ymin>561</ymin>
			<xmax>339</xmax>
			<ymax>688</ymax>
		</bndbox>
	</object>
</annotation>
