<annotation>
	<folder>Images</folder>
	<filename>1637805304.8580003.jpg</filename>
	<path>D:\项目\LJCV\LJ_CV\Demo_data\Images\1637805304.8580003.jpg</path>
	<source>
		<database>Unknown</database>
	</source>
	<size>
		<width>1365</width>
		<height>980</height>
		<depth>3</depth>
	</size>
	<segmented>0</segmented>
	<object>
		<name>Blue</name>
		<pose>Unspecified</pose>
		<truncated>0</truncated>
		<difficult>0</difficult>
		<bndbox>
			<xmin>321</xmin>
			<ymin>415</ymin>
			<xmax>431</xmax>
			<ymax>512</ymax>
		</bndbox>
	</object>
	<object>
		<name>Yellow</name>
		<pose>Unspecified</pose>
		<truncated>0</truncated>
		<difficult>0</difficult>
		<bndbox>
			<xmin>453</xmin>
			<ymin>388</ymin>
			<xmax>589</xmax>
			<ymax>565</ymax>
		</bndbox>
	</object>
</annotation>
