<annotation>
	<folder>Images</folder>
	<filename>1637805313.527771.jpg</filename>
	<path>D:\项目\LJCV\LJ_CV\Demo_data\Images\1637805313.527771.jpg</path>
	<source>
		<database>Unknown</database>
	</source>
	<size>
		<width>1365</width>
		<height>980</height>
		<depth>3</depth>
	</size>
	<segmented>0</segmented>
	<object>
		<name>Yellow</name>
		<pose>Unspecified</pose>
		<truncated>0</truncated>
		<difficult>0</difficult>
		<bndbox>
			<xmin>453</xmin>
			<ymin>388</ymin>
			<xmax>588</xmax>
			<ymax>566</ymax>
		</bndbox>
	</object>
	<object>
		<name>Blue</name>
		<pose>Unspecified</pose>
		<truncated>0</truncated>
		<difficult>0</difficult>
		<bndbox>
			<xmin>122</xmin>
			<ymin>22</ymin>
			<xmax>230</xmax>
			<ymax>108</ymax>
		</bndbox>
	</object>
</annotation>
