<annotation>
	<folder>Images</folder>
	<filename>1637805317.827083.jpg</filename>
	<path>D:\项目\LJCV\LJ_CV\Demo_data\Images\1637805317.827083.jpg</path>
	<source>
		<database>Unknown</database>
	</source>
	<size>
		<width>1365</width>
		<height>980</height>
		<depth>3</depth>
	</size>
	<segmented>0</segmented>
	<object>
		<name>Blue</name>
		<pose>Unspecified</pose>
		<truncated>0</truncated>
		<difficult>0</difficult>
		<bndbox>
			<xmin>474</xmin>
			<ymin>359</ymin>
			<xmax>582</xmax>
			<ymax>457</ymax>
		</bndbox>
	</object>
	<object>
		<name>Yellow</name>
		<pose>Unspecified</pose>
		<truncated>0</truncated>
		<difficult>0</difficult>
		<bndbox>
			<xmin>451</xmin>
			<ymin>389</ymin>
			<xmax>585</xmax>
			<ymax>567</ymax>
		</bndbox>
	</object>
</annotation>
