<annotation>
	<folder>Images</folder>
	<filename>1637805326.488055.jpg</filename>
	<path>D:\项目\LJCV\LJ_CV\Demo_data\Images\1637805326.488055.jpg</path>
	<source>
		<database>Unknown</database>
	</source>
	<size>
		<width>1365</width>
		<height>980</height>
		<depth>3</depth>
	</size>
	<segmented>0</segmented>
	<object>
		<name>Yellow</name>
		<pose>Unspecified</pose>
		<truncated>0</truncated>
		<difficult>0</difficult>
		<bndbox>
			<xmin>95</xmin>
			<ymin>134</ymin>
			<xmax>260</xmax>
			<ymax>390</ymax>
		</bndbox>
	</object>
	<object>
		<name>Blue</name>
		<pose>Unspecified</pose>
		<truncated>0</truncated>
		<difficult>0</difficult>
		<bndbox>
			<xmin>251</xmin>
			<ymin>208</ymin>
			<xmax>403</xmax>
			<ymax>370</ymax>
		</bndbox>
	</object>
</annotation>
