<annotation>
	<folder>Images</folder>
	<filename>1637805330.8205824.jpg</filename>
	<path>D:\项目\LJCV\LJ_CV\Demo_data\Images\1637805330.8205824.jpg</path>
	<source>
		<database>Unknown</database>
	</source>
	<size>
		<width>1365</width>
		<height>980</height>
		<depth>3</depth>
	</size>
	<segmented>0</segmented>
	<object>
		<name>Blue</name>
		<pose>Unspecified</pose>
		<truncated>0</truncated>
		<difficult>0</difficult>
		<bndbox>
			<xmin>243</xmin>
			<ymin>221</ymin>
			<xmax>393</xmax>
			<ymax>379</ymax>
		</bndbox>
	</object>
	<object>
		<name>Yellow</name>
		<pose>Unspecified</pose>
		<truncated>0</truncated>
		<difficult>0</difficult>
		<bndbox>
			<xmin>15</xmin>
			<ymin>150</ymin>
			<xmax>177</xmax>
			<ymax>358</ymax>
		</bndbox>
	</object>
</annotation>
