<annotation>
	<folder>Images</folder>
	<filename>1637805360.7374263.jpg</filename>
	<path>D:\项目\LJCV\LJ_CV\Demo_data\Images\1637805360.7374263.jpg</path>
	<source>
		<database>Unknown</database>
	</source>
	<size>
		<width>1365</width>
		<height>980</height>
		<depth>3</depth>
	</size>
	<segmented>0</segmented>
	<object>
		<name>Blue</name>
		<pose>Unspecified</pose>
		<truncated>0</truncated>
		<difficult>0</difficult>
		<bndbox>
			<xmin>314</xmin>
			<ymin>133</ymin>
			<xmax>461</xmax>
			<ymax>313</ymax>
		</bndbox>
	</object>
	<object>
		<name>Yellow</name>
		<pose>Unspecified</pose>
		<truncated>0</truncated>
		<difficult>0</difficult>
		<bndbox>
			<xmin>131</xmin>
			<ymin>80</ymin>
			<xmax>302</xmax>
			<ymax>355</ymax>
		</bndbox>
	</object>
</annotation>
