<annotation>
	<folder>Images</folder>
	<filename>1637805365.0491643.jpg</filename>
	<path>D:\项目\LJCV\LJ_CV\Demo_data\Images\1637805365.0491643.jpg</path>
	<source>
		<database>Unknown</database>
	</source>
	<size>
		<width>1365</width>
		<height>980</height>
		<depth>3</depth>
	</size>
	<segmented>0</segmented>
	<object>
		<name>Blue</name>
		<pose>Unspecified</pose>
		<truncated>0</truncated>
		<difficult>0</difficult>
		<bndbox>
			<xmin>278</xmin>
			<ymin>246</ymin>
			<xmax>388</xmax>
			<ymax>417</ymax>
		</bndbox>
	</object>
	<object>
		<name>Yellow</name>
		<pose>Unspecified</pose>
		<truncated>0</truncated>
		<difficult>0</difficult>
		<bndbox>
			<xmin>166</xmin>
			<ymin>61</ymin>
			<xmax>350</xmax>
			<ymax>311</ymax>
		</bndbox>
	</object>
</annotation>
