<annotation>
	<folder>Images</folder>
	<filename>1637805369.3588176.jpg</filename>
	<path>D:\项目\LJCV\LJ_CV\Demo_data\Images\1637805369.3588176.jpg</path>
	<source>
		<database>Unknown</database>
	</source>
	<size>
		<width>1365</width>
		<height>980</height>
		<depth>3</depth>
	</size>
	<segmented>0</segmented>
	<object>
		<name>Yellow</name>
		<pose>Unspecified</pose>
		<truncated>0</truncated>
		<difficult>0</difficult>
		<bndbox>
			<xmin>212</xmin>
			<ymin>76</ymin>
			<xmax>394</xmax>
			<ymax>284</ymax>
		</bndbox>
	</object>
	<object>
		<name>Blue</name>
		<pose>Unspecified</pose>
		<truncated>0</truncated>
		<difficult>0</difficult>
		<bndbox>
			<xmin>137</xmin>
			<ymin>265</ymin>
			<xmax>290</xmax>
			<ymax>436</ymax>
		</bndbox>
	</object>
</annotation>
