<annotation>
	<folder>Images</folder>
	<filename>1637805373.6354516.jpg</filename>
	<path>D:\项目\LJCV\LJ_CV\Demo_data\Images\1637805373.6354516.jpg</path>
	<source>
		<database>Unknown</database>
	</source>
	<size>
		<width>1365</width>
		<height>980</height>
		<depth>3</depth>
	</size>
	<segmented>0</segmented>
	<object>
		<name>Blue</name>
		<pose>Unspecified</pose>
		<truncated>0</truncated>
		<difficult>0</difficult>
		<bndbox>
			<xmin>87</xmin>
			<ymin>173</ymin>
			<xmax>235</xmax>
			<ymax>330</ymax>
		</bndbox>
	</object>
	<object>
		<name>Yellow</name>
		<pose>Unspecified</pose>
		<truncated>0</truncated>
		<difficult>0</difficult>
		<bndbox>
			<xmin>257</xmin>
			<ymin>95</ymin>
			<xmax>406</xmax>
			<ymax>297</ymax>
		</bndbox>
	</object>
</annotation>
