<annotation>
	<folder>Images</folder>
	<filename>1637805377.9405608.jpg</filename>
	<path>D:\项目\LJCV\LJ_CV\Demo_data\Images\1637805377.9405608.jpg</path>
	<source>
		<database>Unknown</database>
	</source>
	<size>
		<width>1365</width>
		<height>980</height>
		<depth>3</depth>
	</size>
	<segmented>0</segmented>
	<object>
		<name>Yellow</name>
		<pose>Unspecified</pose>
		<truncated>0</truncated>
		<difficult>0</difficult>
		<bndbox>
			<xmin>440</xmin>
			<ymin>18</ymin>
			<xmax>579</xmax>
			<ymax>273</ymax>
		</bndbox>
	</object>
	<object>
		<name>Blue</name>
		<pose>Unspecified</pose>
		<truncated>1</truncated>
		<difficult>0</difficult>
		<bndbox>
			<xmin>591</xmin>
			<ymin>1</ymin>
			<xmax>726</xmax>
			<ymax>174</ymax>
		</bndbox>
	</object>
</annotation>
