<annotation>
	<folder>Images</folder>
	<filename>1637805382.274665.jpg</filename>
	<path>D:\项目\LJCV\LJ_CV\Demo_data\Images\1637805382.274665.jpg</path>
	<source>
		<database>Unknown</database>
	</source>
	<size>
		<width>1365</width>
		<height>980</height>
		<depth>3</depth>
	</size>
	<segmented>0</segmented>
	<object>
		<name>Yellow</name>
		<pose>Unspecified</pose>
		<truncated>0</truncated>
		<difficult>0</difficult>
		<bndbox>
			<xmin>376</xmin>
			<ymin>315</ymin>
			<xmax>529</xmax>
			<ymax>618</ymax>
		</bndbox>
	</object>
	<object>
		<name>Blue</name>
		<pose>Unspecified</pose>
		<truncated>0</truncated>
		<difficult>0</difficult>
		<bndbox>
			<xmin>559</xmin>
			<ymin>293</ymin>
			<xmax>711</xmax>
			<ymax>490</ymax>
		</bndbox>
	</object>
</annotation>
