<annotation>
	<folder>Images</folder>
	<filename>1637805386.5997593.jpg</filename>
	<path>D:\项目\LJCV\LJ_CV\Demo_data\Images\1637805386.5997593.jpg</path>
	<source>
		<database>Unknown</database>
	</source>
	<size>
		<width>1365</width>
		<height>980</height>
		<depth>3</depth>
	</size>
	<segmented>0</segmented>
	<object>
		<name>Blue</name>
		<pose>Unspecified</pose>
		<truncated>0</truncated>
		<difficult>0</difficult>
		<bndbox>
			<xmin>862</xmin>
			<ymin>363</ymin>
			<xmax>1017</xmax>
			<ymax>553</ymax>
		</bndbox>
	</object>
	<object>
		<name>Yellow</name>
		<pose>Unspecified</pose>
		<truncated>0</truncated>
		<difficult>0</difficult>
		<bndbox>
			<xmin>648</xmin>
			<ymin>264</ymin>
			<xmax>841</xmax>
			<ymax>582</ymax>
		</bndbox>
	</object>
</annotation>
