<annotation>
	<folder>Images</folder>
	<filename>1637805390.907811.jpg</filename>
	<path>D:\项目\LJCV\LJ_CV\Demo_data\Images\1637805390.907811.jpg</path>
	<source>
		<database>Unknown</database>
	</source>
	<size>
		<width>1365</width>
		<height>980</height>
		<depth>3</depth>
	</size>
	<segmented>0</segmented>
	<object>
		<name>Blue</name>
		<pose>Unspecified</pose>
		<truncated>0</truncated>
		<difficult>0</difficult>
		<bndbox>
			<xmin>810</xmin>
			<ymin>212</ymin>
			<xmax>946</xmax>
			<ymax>436</ymax>
		</bndbox>
	</object>
	<object>
		<name>Yellow</name>
		<pose>Unspecified</pose>
		<truncated>0</truncated>
		<difficult>0</difficult>
		<bndbox>
			<xmin>681</xmin>
			<ymin>322</ymin>
			<xmax>898</xmax>
			<ymax>647</ymax>
		</bndbox>
	</object>
</annotation>
