<annotation>
	<folder>Images</folder>
	<filename>1637805395.1925712.jpg</filename>
	<path>D:\项目\LJCV\LJ_CV\Demo_data\Images\1637805395.1925712.jpg</path>
	<source>
		<database>Unknown</database>
	</source>
	<size>
		<width>1365</width>
		<height>980</height>
		<depth>3</depth>
	</size>
	<segmented>0</segmented>
	<object>
		<name>Blue</name>
		<pose>Unspecified</pose>
		<truncated>0</truncated>
		<difficult>0</difficult>
		<bndbox>
			<xmin>405</xmin>
			<ymin>25</ymin>
			<xmax>543</xmax>
			<ymax>199</ymax>
		</bndbox>
	</object>
	<object>
		<name>Yellow</name>
		<pose>Unspecified</pose>
		<truncated>1</truncated>
		<difficult>0</difficult>
		<bndbox>
			<xmin>241</xmin>
			<ymin>1</ymin>
			<xmax>407</xmax>
			<ymax>222</ymax>
		</bndbox>
	</object>
</annotation>
