<annotation>
	<folder>Images</folder>
	<filename>1637805399.4896286.jpg</filename>
	<path>D:\项目\LJCV\LJ_CV\Demo_data\Images\1637805399.4896286.jpg</path>
	<source>
		<database>Unknown</database>
	</source>
	<size>
		<width>1365</width>
		<height>980</height>
		<depth>3</depth>
	</size>
	<segmented>0</segmented>
	<object>
		<name>Yellow</name>
		<pose>Unspecified</pose>
		<truncated>1</truncated>
		<difficult>0</difficult>
		<bndbox>
			<xmin>1</xmin>
			<ymin>159</ymin>
			<xmax>157</xmax>
			<ymax>450</ymax>
		</bndbox>
	</object>
	<object>
		<name>Blue</name>
		<pose>Unspecified</pose>
		<truncated>0</truncated>
		<difficult>0</difficult>
		<bndbox>
			<xmin>135</xmin>
			<ymin>255</ymin>
			<xmax>286</xmax>
			<ymax>433</ymax>
		</bndbox>
	</object>
</annotation>
