<annotation>
	<folder>Images</folder>
	<filename>1637804973.839142.jpg</filename>
	<path>D:\项目\LJCV\LJ_CV\Demo_data\Images\1637804973.839142.jpg</path>
	<source>
		<database>Unknown</database>
	</source>
	<size>
		<width>1365</width>
		<height>980</height>
		<depth>3</depth>
	</size>
	<segmented>0</segmented>
	<object>
		<name>Yellow</name>
		<pose>Unspecified</pose>
		<truncated>0</truncated>
		<difficult>0</difficult>
		<bndbox>
			<xmin>477</xmin>
			<ymin>218</ymin>
			<xmax>671</xmax>
			<ymax>451</ymax>
		</bndbox>
	</object>
</annotation>
